id,source,channel,url,published,modified,section,keywords,authors,title,canonical_url,success,error_msg
0,guardian,rss,https://www.theguardian.com/science/2021/apr/02/spacewatch-another-failed-test-landing-spacex-starship,2021-04-02T05:00:00+00:00,2021-04-02T05:00:00+00:00,Science,"SpaceX,Space,US news,Elon Musk,Texas,World news",Stuart Clark,Spacewatch: another failed test landing for SpaceX Starship,http://www.theguardian.com/science/2021/apr/02/spacewatch-another-failed-test-landing-spacex-starship,True,
1,guardian,rss,https://www.theguardian.com/commentisfree/2021/apr/06/colleagues-leaving-nhs-government-betrayed,2021-04-06T09:00:01+00:00,2021-04-06T09:10:20+00:00,Opinion,"NHS,Health,Society,Coronavirus,Infectious diseases,Science,Public services policy,Politics,Conservatives",Samantha Batt-Rawden,I don't blame colleagues for leaving the NHS: the government has betrayed them | Samantha Batt-Rawden,http://www.theguardian.com/commentisfree/2021/apr/06/colleagues-leaving-nhs-government-betrayed,True,
2,guardian,rss,https://www.theguardian.com/world/2021/apr/28/antarctic-peninsula-named-in-recognition-of-aberdeen-geologists-work,2021-04-28T12:23:55+00:00,2021-04-28T12:44:26+00:00,World news,"Antarctica,Environment,Geology,Science,World news,Polar regions,Scotland,UK news",,Antarctic peninsula named in recognition of Aberdeen geologist’s work,http://www.theguardian.com/world/2021/apr/28/antarctic-peninsula-named-in-recognition-of-aberdeen-geologists-work,True,
3,guardian,rss,https://www.theguardian.com/commentisfree/2021/apr/25/elon-musk-jeff-bezos-space-moon-mars-workers-rights-unions,2021-04-25T05:00:07+00:00,2021-04-25T05:01:31+00:00,Opinion,"Jeff Bezos,Amazon,Elon Musk,Tesla,Technology,Internet,E-commerce,Space,Science,The moon,Mars,Nasa,US unions,US politics,US news,World news",Robert Reich,"In space, no one will hear Bezos and Musk’s workers call for basic rights | Robert Reich",http://www.theguardian.com/commentisfree/2021/apr/25/elon-musk-jeff-bezos-space-moon-mars-workers-rights-unions,True,
4,guardian,rss,https://www.theguardian.com/australia-news/2021/apr/03/queensland-reports-one-new-case-of-locally-acquired-coronavirus,2021-04-03T00:30:59+00:00,2021-04-03T01:05:24+00:00,Australia news,"Queensland,Coronavirus,Australia news,Infectious diseases,Science",Michael Mcgowan,Queensland reports one new case of locally acquired coronavirus,http://www.theguardian.com/australia-news/2021/apr/03/queensland-reports-one-new-case-of-locally-acquired-coronavirus,True,
5,guardian,rss,https://www.theguardian.com/australia-news/2021/mar/06/covid-fightback-the-critical-role-of-hiv-experts,2021-03-05T19:00:13+00:00,2021-03-06T01:06:12+00:00,Australia news,"Health,Coronavirus,Aids and HIV,Australia news,Medical research,Vaccines and immunisation,Health,Infectious diseases,Science",Melissa Davey,Covid fightback: the critical role of HIV experts,http://www.theguardian.com/australia-news/2021/mar/06/covid-fightback-the-critical-role-of-hiv-experts,True,
6,guardian,rss,https://www.theguardian.com/world/2021/apr/12/asthma-drug-budesonide-helps-older-people-cope-with-covid-at-home-study,2021-04-12T14:00:06+00:00,2021-04-13T04:09:35+00:00,World news,"Coronavirus,Asthma,Medical research,Science,Society,World news,UK news",Sarah Boseley,Asthma drug helps older people cope with Covid at home – study,http://www.theguardian.com/world/2021/apr/12/asthma-drug-budesonide-helps-older-people-cope-with-covid-at-home-study,True,
7,guardian,rss,https://www.theguardian.com/world/2021/apr/28/europe-pins-hopes-on-vaccine-campaigns-as-covid-curbs-relaxed,2021-04-28T15:08:18+00:00,2021-04-29T03:37:03+00:00,World news,"Coronavirus,Infectious diseases,Medical research,Science,World news,France,Emmanuel Macron,Germany,Angela Merkel,Poland,Netherlands,Italy,Vaccines and immunisation,Europe",Jon Henley,Europe pins hopes on vaccine campaigns as Covid curbs relaxed,http://www.theguardian.com/world/2021/apr/28/europe-pins-hopes-on-vaccine-campaigns-as-covid-curbs-relaxed,True,
8,guardian,rss,https://www.theguardian.com/lifeandstyle/2021/apr/06/what-are-thoughts-where-do-they-come-from-and-where-do-they-go,2021-04-06T11:00:04+00:00,2021-04-06T11:01:20+00:00,Life and style,"Life and style,Psychology,Neuroscience,Science",,What are thoughts? Where do they come from – and where do they go?,http://www.theguardian.com/lifeandstyle/2021/apr/06/what-are-thoughts-where-do-they-come-from-and-where-do-they-go,True,
9,guardian,rss,https://www.theguardian.com/science/audio/2021/apr/01/should-we-determine-species-through-dna-part-two-podcast,2021-04-01T04:00:02+00:00,2021-04-01T04:00:02+00:00,Science,"Environment,Science,Biodiversity,Zoology,Conservation,Biology,Wildlife","Patrick Greenfield, Phoebe Weston, Tiffany Cassidy",Should we determine species through DNA? (part two) – podcast,https://www.theguardian.com/science/audio/2021/apr/01/should-we-determine-species-through-dna-part-two-podcast,True,
10,healthday,rss,https://consumer.healthday.com/4-7-college-can-really-ramp-up-stress-for-kids-with-adhd-2651367952.html,2021-04-08T12:06:14+00:00,2021-04-08T12:06:14+00:00,Consumer News,"skills, sibley, adhd, social, college, ramp, resilience, stress, difficulties, support, students, really",Denise Mann,College Can Really Ramp Up Stress for People With ADHD,https://consumer.healthday.com/4-7-college-can-really-ramp-up-stress-for-kids-with-adhd-2651367952.html,True,
11,healthday,rss,https://consumer.healthday.com/3-23-feeling-rundown-it-could-raise-your-odds-for-severe-covid-2651132784.html,2021-03-23T12:09:36+00:00,2021-03-23T12:09:36+00:00,Consumer News,"rundown, burnout, covid19, feeling, sleep, workers, severe, covid, health, problems, care, raise, research, odds, study, risk",Robert Preidt,Feeling Rundown?  It Could Raise Your Odds for Severe COVID,https://consumer.healthday.com/3-23-feeling-rundown-it-could-raise-your-odds-for-severe-covid-2651132784.html,True,
12,healthday,rss,https://consumer.healthday.com/un-estudio-nuevo-hallo-que-las-sobrevivientes-de-cancer-de-mama-en-sobrepeso-tienen-mayor-riesgo-de-padecer-un-segundo-cancer-2652631311.html,2021-04-19T11:19:05+00:00,2021-04-19T11:19:05+00:00,HealthDay TV en Español,"riesgo, padecer, newsa, zhealthdayhealthday, sobrevivientes, worlds, health, medical, que, cáncer, topical, sobrepeso, mayor, segundo, nuevo, reviewing, latest, tienen, syndicator, feed",SpanishHealthDayTV,Un estudio nuevo halló que las sobrevivientes de cáncer de mama en sobrepeso tienen mayor riesgo de padecer un segundo cáncer,https://consumer.healthday.com/un-estudio-nuevo-hallo-que-las-sobrevivientes-de-cancer-de-mama-en-sobrepeso-tienen-mayor-riesgo-de-padecer-un-segundo-cancer-2652631311.html,True,
13,healthday,rss,https://consumer.healthday.com/global-covid-19-death-toll-surpasses-3-million-2652634908.html,2021-04-19T21:49:39+00:00,2021-04-19T21:49:39+00:00,Physician's Briefing,"million, death, covid19, university, world, toll, cases, according, pandemic, vaccination, surpasses, weekend, global, van",Physician’s Briefing Staff,Global COVID-19 Death Toll Surpasses 3 Million,https://consumer.healthday.com/global-covid-19-death-toll-surpasses-3-million-2652634908.html,True,
14,healthday,rss,https://consumer.healthday.com/fda-to-set-limits-on-toxic-elements-in-baby-food-2652574426.html,2021-04-14T21:27:57+00:00,2021-04-14T21:27:57+00:00,Physician's Briefing,"arsenic, lead, baby, toxic, fda, food, zero, limits, maximum, mercury, set, elements, levels",Physician’s Briefing Staff,FDA to Set Limits on Toxic Elements in Baby Food,https://consumer.healthday.com/fda-to-set-limits-on-toxic-elements-in-baby-food-2652574426.html,True,
15,healthday,rss,https://consumer.healthday.com/b-3-29-astronauts-will-need-tough-workouts-on-any-mission-to-mars-2651194010.html,2021-03-29T12:41:54+00:00,2021-03-29T13:53:56+00:00,Consumer News,"swim, workouts, heart, long, mars, days, astronauts, lecomtes, exercise, hearts, space, mission, gravity, study, need, tough",Robert Preidt,Astronauts Will Need Tough Workouts on Any Mission to Mars,https://consumer.healthday.com/b-3-29-astronauts-will-need-tough-workouts-on-any-mission-to-mars-2651194010.html,True,
16,healthday,rss,https://consumer.healthday.com/4-19-are-you-eating-foods-that-harm-your-microbiome-2652514255.html,2021-04-19T14:12:00+00:00,2021-04-19T14:12:00+00:00,Consumer News,"eating, university, foods, weersma, gut, microbiome, bacteria, professor, school, harm, study, diet",Amy Norton,Are You Eating Foods That Harm Your 'Microbiome'?,https://consumer.healthday.com/4-19-are-you-eating-foods-that-harm-your-microbiome-2652514255.html,True,
17,healthday,rss,https://consumer.healthday.com/3-19-breakfast-timing-could-affect-your-odds-for-diabetes-2651083624.html,2021-03-22T12:11:46+00:00,2021-03-22T12:11:46+00:00,Consumer News,"eating, varady, windows, feeding, benefits, earlier, breakfast, day, timerestricted, study, timing, odds, affect, diabetes",Denise Mann,Breakfast Timing Could Affect Your Odds for Diabetes,https://consumer.healthday.com/3-19-breakfast-timing-could-affect-your-odds-for-diabetes-2651083624.html,True,
18,healthday,rss,https://consumer.healthday.com/b-4-29-one-reason-its-hotter-in-poorer-neighborhoods-fewer-trees-2652780904.html,2021-04-29T12:17:01+00:00,2021-04-29T12:17:01+00:00,Consumer News,"fewer, cover, urban, reason, lowincome, hotter, researchers, highincome, trees, neighborhoods, poorer, study, tree, areas",Robert Preidt,One Reason It's Hotter in Poorer Neighborhoods: Fewer Trees,https://consumer.healthday.com/b-4-29-one-reason-its-hotter-in-poorer-neighborhoods-fewer-trees-2652780904.html,True,
19,healthday,rss,https://consumer.healthday.com/4-22-nba-study-shows-covid-recovery-means-little-transmission-risk-even-with-positive-test-2652662282.html,2021-04-23T12:29:48+00:00,2021-04-23T12:29:48+00:00,Consumer News,"mack, postcovid, rare, transmission, viral, tests, recovered, test, nba, virus, shows, glatter, covid, positive, infectious, study",Steven Reinberg,"NBA Study Shows Post-COVID Viral Transmission Rare, Even With Positive Test",https://consumer.healthday.com/4-22-nba-study-shows-covid-recovery-means-little-transmission-risk-even-with-positive-test-2652662282.html,True,
20,ifls,twitter,https://www.iflscience.com/space/nasa-wanted-to-vibrate-dead-astronauts-bodies-to-dust-with-a-robotic-arm/,2021-04-30T11:43:00,NaT,Space,"dust, body, wanted, dead, spacecraft, bag, bodies, astronauts, arm, space, vibrated, team, robotic, nasa, promessa, idea, vibrate, corpse",Jack Dunhill,NASA Wanted To Vibrate Dead Astronauts' Bodies To Dust With A Robotic Arm,https://www.iflscience.com/space/nasa-wanted-to-vibrate-dead-astronauts-bodies-to-dust-with-a-robotic-arm/,True,
21,ifls,twitter,https://www.iflscience.com/technology/young-female-twitter-star-turns-out-to-be-a-50yearold-man-using-deepfakes/,2021-03-22T15:44:00,NaT,Technology,"making, twitter, star, woman, man, apps, turns, young, zonggu, using, watch, actually, deepfakes, 50yearold, female",Jack Dunhill,Young Female Twitter Star Turns Out To Be A 50-Year-Old Man Using Deepfakes,https://www.iflscience.com/technology/young-female-twitter-star-turns-out-to-be-a-50yearold-man-using-deepfakes/,True,
22,ifls,twitter,https://www.iflscience.com/editors-blog/the-mystery-boom-noise-has-been-heard-once-again-in-san-diego/,2021-03-16T16:57:00,NaT,Editor's Blog,"heard, noise, noises, sound, known, sounds, mystery, diego, reports, earthquakes, data, boom, san",James Felton,The Mystery Boom Noise Has Been Heard Once Again In San Diego,https://www.iflscience.com/editors-blog/the-mystery-boom-noise-has-been-heard-once-again-in-san-diego/,True,
23,ifls,twitter,https://www.iflscience.com/plants-and-animals/incredible-fossil-of-ancient-spider-turns-out-to-be-crayfish-someone-had-painted-legs-on/,2019-12-20T13:15:00,NaT,Plants and Animals,"painted, spider, preserved, turns, paper, shows, fossil, used, incredible, crayfish, ancient, legs, specimen, areas",James Felton,"Incredible Fossil Of Ancient Spider Turns Out To Be Crayfish ""Someone Had Painted Legs On""",https://www.iflscience.com/plants-and-animals/incredible-fossil-of-ancient-spider-turns-out-to-be-crayfish-someone-had-painted-legs-on/,True,
24,ifls,twitter,https://www.iflscience.com/plants-and-animals/american-honey-contains-radioactive-isotope-from-cold-war-atomic-bomb-testing/,2021-04-21T15:38:00,NaT,Plants and Animals,"cold, honey, american, bomb, atomic, contains, test, war, cesium137, radioactive, testing, north, potassium, research, levels, isotope, kaste",Jack Dunhill,American Honey Contains Radioactive Isotope From Cold War Atomic Bomb Testing,https://www.iflscience.com/plants-and-animals/american-honey-contains-radioactive-isotope-from-cold-war-atomic-bomb-testing/,True,
25,ifls,twitter,https://www.iflscience.com/brain/are-you-still-conscious-after-you-die/,2021-03-02T17:24:00,NaT,The Brain,"beating, suggest, heart, death, working, conscious, university, suggested, study, die, brain, studied",Jack Dunhill,Are You Still Conscious After You Die?,https://www.iflscience.com/brain/are-you-still-conscious-after-you-die/,True,
26,ifls,twitter,https://www.iflscience.com/editors-blog/35-years-on-what-caused-the-chernobyl-nuclear-disaster/,2021-04-26T15:55:00,NaT,Editor's Blog,"water, nuclear, plant, safety, chernobyl, test, reactor, power, 35, caused, steam, control, disaster",Tom Hale,"35 Years On, What Caused The Chernobyl Nuclear Disaster?",https://www.iflscience.com/editors-blog/35-years-on-what-caused-the-chernobyl-nuclear-disaster/,True,
27,ifls,twitter,https://www.iflscience.com/health-and-medicine/man-dies-swimming-in-the-ocean-after-ignoring-posttattoo-advice,2017-06-05T17:17:00,NaT,Health and Medicine,"swimming, infected, vulnificus, advice, ignoring, ocean, infection, man, dies, tattoo, posttattoo, patients, liver, care, medical, v",Dr Alfredo Carpineti,Man Dies Swimming In The Ocean After Ignoring Post-Tattoo Advice,https://www.iflscience.com/health-and-medicine/man-dies-swimming-in-the-ocean-after-ignoring-posttattoo-advice/,True,
28,ifls,twitter,https://www.iflscience.com/plants-and-animals/an-icebreaker-playing-classical-music-saved-2000-beluga-whales-from-certain-death-in-1985/,2021-03-26T17:25:00,NaT,Plants and Animals,"death, moskva, whales, thick, russia, classical, music, certain, 2000, animals, beluga, ship, mission, icebreaker, saved, playing, ice",Rachael Funnell,"An Icebreaker Playing Classical Music Saved 2,000 Beluga Whales From Certain Death In 1985",https://www.iflscience.com/plants-and-animals/an-icebreaker-playing-classical-music-saved-2000-beluga-whales-from-certain-death-in-1985/,True,
29,ifls,twitter,https://www.iflscience.com/space/this-is-how-ancient-people-knew-the-earth-was-round/,2021-03-30T16:54:00,NaT,Space,"length, greek, circumference, knew, round, alexandria, earth, rod, syene, ancient, shadow, tropic, stadia",Dr Alfredo Carpineti,This Is How Ancient People Knew The Earth Was Round,https://www.iflscience.com/space/this-is-how-ancient-people-knew-the-earth-was-round/,True,
30,medpage,rss,https://www.medpagetoday.com/infectiousdisease/covid19/91775,2021-03-23T16:15:00,NaT,Blogs,"at risk for infection,immunodeficiency disorder,pain,infectious disease,human immunodeficiency virus infection","Martin  Makary MD, MPH",'It's Kind of a Catch-22': Immunosuppression and COVID-19 Vaccines,https://www.medpagetoday.com/blogs/marty-makary/91775,True,
31,medpage,rss,https://www.medpagetoday.com/special-reports/exclusives/91907,2021-04-01T18:30:00,NaT,Special Reports,"weight increased,fatigue",Jennifer  Henderson,This Tactic Helps Hospitals Ease Merger Scrutiny,https://www.medpagetoday.com/special-reports/exclusives/91907,True,
32,medpage,rss,https://www.medpagetoday.com/hematologyoncology/myeloma/91850,2021-03-29T13:30:00,NaT,Oncology&#47;Hematology,"multiple myeloma,chronic myeloid leukemia, disease,influenza,lymphoproliferative disorder,myeloma",Charles  Bankhead,FDA Approves CAR T-Cell Therapy for Multiple Myeloma,https://www.medpagetoday.com/hematologyoncology/myeloma/91850,True,
33,medpage,rss,https://www.medpagetoday.com/publichealthpolicy/generalprofessionalissues/92164,2021-04-19T19:00:00,NaT,Public Health & Policy,"arrhythmia,ventricular fibrillation,drug abuse,pulseless electrical activity,hypertension","W. Robert  Graham, MD",Op-Ed: Medical Misinfo on Display During Derek Chauvin Trial,https://www.medpagetoday.com/publichealthpolicy/generalprofessionalissues/92164,True,
34,medpage,rss,https://www.medpagetoday.com/practicemanagement/telehealth/92049,2021-04-12T15:00:00,NaT,Practice Management,"psychotic disorder,COVID-19,covid,covid-19","Jessica Badichek, PharmD",Op-Ed: Prescribe More Telehealth for the Elderly,https://www.medpagetoday.com/practicemanagement/telehealth/92049,True,
35,medpage,rss,https://www.medpagetoday.com/special-reports/exclusives/92322,2021-04-28T18:00:00,NaT,Special Reports,"psychosis,psychotic,dementia,mental impairment",Kara  Grant,Four Sentenced in Mental Health Center Scam,https://www.medpagetoday.com/special-reports/exclusives/92322,True,
36,medpage,rss,https://www.medpagetoday.com/casestudies/oncologyhematology/91750,2021-03-22T15:00:00,NaT,Case Studies,"lung cancer,neoplastic disease,mass of body structure,malignant adenomatous neoplasm,adenocarcinoma",Kate  Kneisel,Where Did This Very Painful Gluteal Mass Come From?,https://www.medpagetoday.com/casestudies/oncologyhematology/91750,True,
37,medpage,rss,https://www.medpagetoday.com/neurology/headtrauma/91949,2021-04-06T11:00:00,NaT,Neurology,"concussion,concussion injury of brain,post-traumatic stress disorder,depression,mild traumatic brain injury",Judy  George,Women Fare Worse After Concussion,https://www.medpagetoday.com/neurology/headtrauma/91949,True,
38,medpage,rss,https://www.medpagetoday.com/infectiousdisease/covid19/91946,2021-04-06T09:00:00,NaT,Infectious Disease,"COVID,COVID-19,hypoparathyroidism,alcohol-induced organic mental disorder,drug dependence",Ian  Ingram,"40,000 Kids Lose Parent to COVID; Tsk-Tsk, Walgreens; Singing the Virus",https://www.medpagetoday.com/infectiousdisease/covid19/91946,True,
39,medpage,rss,https://www.medpagetoday.com/meetingcoverage/endo/91808,2021-03-25T15:30:00,NaT,Meeting Coverage,"cushing's syndrome,adrenal hypofunction,hypogonadism,COVID-19,secondary adrenal insufficiency",Kristen  Monaco,"ENDO 2021 Roundup: Jatenzo Liver Data, Adrenal Insufficiency, and More",https://www.medpagetoday.com/meetingcoverage/endo/91808,True,
40,newsmed,rss,https://www.news-medical.net/news/20210414/Study-demonstrates-that-the-main-creators-of-SARS-CoV-2-mutations-are-vaccine-suppressed.aspx,2021-04-14T01:48:00-04:00,2021-04-14T01:48:00-04:00,Medical,"SARS, SARS-CoV-2, Vaccine, ACE2, Angiotensin, Angiotensin-Converting Enzyme 2, Antibodies, Antibody, binding affinity, Cell, Chronic, Convalescent Plasma, Coronavirus, Coronavirus Disease COVID-19, ECMO, Enzyme, Frequency, Genomic, Hospital, Immune Response, Immunization, Mutation, Prednisone, Protein, Receptor, Research, Respiratory, Severe Acute Respiratory, Severe Acute Respiratory Syndrome, Spike Protein, Syndrome, Tacrolimus, Virus","Dr. Liji Thomas, MD",Study demonstrates that the main creators of SARS-CoV-2 mutations are vaccine-suppressed,https://www.news-medical.net/news/20210414/Study-demonstrates-that-the-main-creators-of-SARS-CoV-2-mutations-are-vaccine-suppressed.aspx,True,
41,newsmed,rss,https://www.news-medical.net/news/20210409/Adaptive-cognitive-training-program-can-benefit-children-with-sickle-cell-disease.aspx,2021-04-09T00:45:00-04:00,2021-04-09T00:45:00-04:00,Medical,"Cell, Children, Hospital, pH, Psychology, Research, Sickle Cell Disease","Emily Henderson, B.Sc.",Adaptive cognitive training program can benefit children with sickle cell disease,https://www.news-medical.net/news/20210409/Adaptive-cognitive-training-program-can-benefit-children-with-sickle-cell-disease.aspx,True,
42,newsmed,rss,https://www.news-medical.net/news/20210409/Study-Even-short-term-exposure-to-ambient-CO-levels-can-increase-mortality.aspx,2021-04-09T00:00:00-04:00,2021-04-09T00:00:00-04:00,Medical,"Carbon Monoxide, Mortality, Public Health, Research","Emily Henderson, B.Sc.",Study: Even short-term exposure to ambient CO levels can increase mortality,https://www.news-medical.net/news/20210409/Study-Even-short-term-exposure-to-ambient-CO-levels-can-increase-mortality.aspx,True,
43,newsmed,rss,https://www.news-medical.net/news/20210405/Lets-Talk-About-Cell-Migration-Assays.aspx,2021-04-05T10:08:00-04:00,2021-04-01T10:43:00-04:00,Life Sciences,"Cell, Cell Migration, Assay, Cancer, Embryogenesis, in vitro","Platypus Technologies, LLC",Let's Talk About Cell Migration Assays,https://www.news-medical.net/news/20210405/Lets-Talk-About-Cell-Migration-Assays.aspx,True,
44,newsmed,rss,https://www.news-medical.net/news/20210407/Which-SARS-CoV-2-spike-mutants-can-evade-T-cell-immunity.aspx,2021-04-07T09:20:00-04:00,2021-04-07T09:19:00-04:00,Medical,"Cell, Coronavirus Disease COVID-19, SARS, SARS-CoV-2, ACE2, Allele, Angiotensin, Angiotensin-Converting Enzyme 2, Antigen, binding affinity, Coronavirus, Enzyme, Mortality, Mutation, Pandemic, Protein, Public Health, Receptor, Respiratory, Severe Acute Respiratory, Severe Acute Respiratory Syndrome, Spike Protein, Syndrome, Virus","Dr. Liji Thomas, MD",Which SARS-CoV-2 spike mutants can evade T cell immunity?,https://www.news-medical.net/news/20210407/Which-SARS-CoV-2-spike-mutants-can-evade-T-cell-immunity.aspx,True,
45,newsmed,rss,https://www.news-medical.net/news/20210406/New-exosome-coated-stent-repairs-damaged-tissue-heals-vascular-injury.aspx,2021-04-06T00:09:00-04:00,2021-04-06T10:24:00-04:00,Medical,"Exosome, Stent, Vascular, Angioplasty, Blood, Blood Vessel, Blood Vessels, Cell, Drugs, Exosomes, Heart, Mesenchymal Stem Cells, Muscle, Oxygen, Proliferation, Research, Restenosis, Stem Cells","Emily Henderson, B.Sc.","New exosome-coated stent repairs damaged tissue, heals vascular injury",https://www.news-medical.net/news/20210406/New-exosome-coated-stent-repairs-damaged-tissue-heals-vascular-injury.aspx,True,
46,newsmed,rss,https://www.news-medical.net/news/20210415/Adults-with-periodontitis-transmit-bacteria-that-can-later-cause-the-disease-in-their-children.aspx,2021-04-15T01:54:00-04:00,2021-04-15T01:54:00-04:00,Medical,"Bacteria, Children, Periodontitis, Anti-Inflammatory, Baby, Bleeding, Bone, Drugs, Halitosis, Hygiene, Inflammation, Inflammatory Disease, Pandemic, Research, Teeth","Emily Henderson, B.Sc.",Adults with periodontitis transmit bacteria that can later cause the disease in their children,https://www.news-medical.net/news/20210415/Adults-with-periodontitis-transmit-bacteria-that-can-later-cause-the-disease-in-their-children.aspx,True,
47,newsmed,rss,https://www.news-medical.net/news/20210427/New-study-looks-at-the-impact-of-Covid-19-pandemic-on-UK-healthcare.aspx,2021-04-27T02:54:00-04:00,2021-04-27T02:54:00-04:00,Medical,"Healthcare, Pandemic, Coronavirus, Health Care, Hospital, Medical School, Research","Emily Henderson, B.Sc.",New study looks at the impact of Covid-19 pandemic on UK healthcare,https://www.news-medical.net/news/20210427/New-study-looks-at-the-impact-of-Covid-19-pandemic-on-UK-healthcare.aspx,True,
48,newsmed,rss,https://www.news-medical.net/news/20210401/Signal-detection-theory-can-be-used-to-better-understand-cognitive-fatigue.aspx,2021-04-01T21:04:00-04:00,2021-04-01T21:04:00-04:00,Medical,"Fatigue, Brain, Multiple Sclerosis, Neuroimaging, Psychology, Research, Sclerosis","Emily Henderson, B.Sc.",Signal detection theory can be used to better understand cognitive fatigue,https://www.news-medical.net/news/20210401/Signal-detection-theory-can-be-used-to-better-understand-cognitive-fatigue.aspx,True,
49,newsmed,rss,https://www.news-medical.net/news/20210412/More-than-100-economies-receive-life-saving-COVID-19-vaccines-from-COVAX.aspx,2021-04-12T01:02:00-04:00,2021-04-12T01:02:00-04:00,Medical,"Cold, Cold chain, Immunization, Manufacturing, Mutation, Pandemic, Vaccine, Virus","Emily Henderson, B.Sc.",More than 100 economies receive life-saving COVID-19 vaccines from COVAX,https://www.news-medical.net/news/20210412/More-than-100-economies-receive-life-saving-COVID-19-vaccines-from-COVAX.aspx,True,
50,nyt,rss,https://www.nytimes.com/2021/03/05/science/biggest-glowing-shark.html,2021-03-05T10:00:19+00:00,2021-03-30T17:51:48.593000+00:00,Science,"Shark,Light,Hormone,Animal Behavior,Frontiers in Marine Science,New Zealand,Research,your-feed-science,your-feed-animals",Lesley Evans Ogden,Largest Glowing Shark Species Discovered Near New Zealand,https://www.nytimes.com/2021/03/05/science/biggest-glowing-shark.html,True,
51,nyt,rss,https://www.nytimes.com/2021/03/25/health/jama-bauchner-race-medicine.html,2021-03-25T23:50:05+00:00,2021-03-26T21:29:23+00:00,Health,"Howard Bauchner,Journal of the American Medical Assn,AMA,Discrimination,Race and Ethnicity,Black People;African American;African-American,Podcast,Ed Livingston,Academic and Scientific Journals,your-feed-science",Apoorva Mandavilli,JAMA Editor Placed on Leave After Deputy’s Comments on Racism,https://www.nytimes.com/2021/03/25/health/jama-bauchner-race-medicine.html,True,
52,nyt,rss,https://www.nytimes.com/2021/04/01/health/unitedhealthcare-insurance-doctors.html,2021-04-01T21:19:10+00:00,2021-04-01T22:06:40+00:00,Health,"Doctor,UnitedHealth Group,Health Insurance,Lawsuits,Anesthesia,Hospital,U.S. Anesthesia Partners,Colorado,Texas,your-feed-healthcare",Reed Abelson,Doctors Accuse UnitedHealthcare of Stifling Competition,https://www.nytimes.com/2021/04/01/health/unitedhealthcare-lawsuit.html,True,
53,nyt,rss,https://www.nytimes.com/2021/04/22/science/nasa-spacex-launch-time-today.html,2021-04-23T05:48:40+00:00,2021-05-01T17:12:57.515000+00:00,Science,,Kenneth Chang,Highlights From SpaceX’s Launch of 4 Astronauts for NASA,https://www.nytimes.com/live/2021/04/23/science/spacex-nasa-launch,True,
54,nyt,rss,https://www.nytimes.com/2021/04/21/science/birds-tanagers-mating-color.html,2021-04-21T09:00:28+00:00,2021-04-21T09:00:28+00:00,Science,"your-feed-science,Animal Behavior,Birds,Feather,Color,Evolution,your-feed-animals",Emily Anthes,"Some Male Birds Fly Under False Colors to Attract Mates, Study Suggests",https://www.nytimes.com/2021/04/21/science/birds-tanagers-mating-color.html,True,
55,nyt,rss,https://www.nytimes.com/2021/04/01/health/pandemics-plague-history-resilience.html,2021-04-01T09:00:26+00:00,2021-04-01T09:00:26+00:00,Health,"Epidemic;Pandemic,Coronavirus;COVID-19,Economy,Income Inequality,History,England,Europe,South Africa,US",Anna North,What the History of Pandemics Can Teach Us About Resilience,https://www.nytimes.com/2021/04/01/health/pandemics-plague-history-resilience.html,True,
56,nyt,rss,https://www.nytimes.com/2021/03/06/at-home/grow-seedlings-with-newspaper.html,2021-03-07T04:58:07.744000+00:00,2021-03-07T04:58:07.744000+00:00,At Home,"Shelter-in-Place (Lifestyle);Social Distancing,Service Content,Seed,Handicraft,Gardens and Gardening,Flowers and Plants",Jodi Levine,Start Your Seeds in Yesterday’s News,https://www.nytimes.com/2021/03/06/at-home/grow-seedlings-with-newspaper.html,True,
57,nyt,rss,https://www.nytimes.com/2021/03/14/health/Covid-schools-social-distancing-3-feet.html,2021-03-14T20:44:59+00:00,2021-03-15T03:26:49+00:00,Health,"Internal tag to designate essential content,Coronavirus Reopenings,K-12 Education,Coronavirus;COVID-19,Research,Children",Roni Caryn Rabin,"A new study suggests 3 feet, not 6 feet, is sufficient distance for school students, with mask-wearing and other safety measures kept in place.",https://www.nytimes.com/2021/03/14/health/Covid-schools-social-distancing-3-feet.html,True,
58,nyt,rss,https://www.nytimes.com/2021/04/06/health/trachea-transplant-genden.html,2021-04-06T07:00:11+00:00,2021-04-06T07:00:11+00:00,Health,",Medical device,Surgery,Transplants,Organ donation,Mount Sinai Medical Center,Paolo Macchiarini,Eric M. Genden Sr.,your-feed-science,Neck",Pam Belluck,‘There Was Nothing Anybody Could Do for These Patients.’ Now There Is.,https://www.nytimes.com/2021/04/06/health/trachea-transplant-genden.html,True,
59,nyt,rss,https://www.nytimes.com/es/2021/03/09/espanol/babosas-marinas-decapitacion.html,2021-03-09T18:24:25+00:00,2021-03-09T18:24:25+00:00,en Español,"Fish,Animal Behavior,,Anatomy and Physiology,Research,Current Biology Journal,your-feed-science",Annie Roth,Estas babosas marinas pasan por la guillotina para conseguir un cuerpo nuevo,https://www.nytimes.com/es/2021/03/09/espanol/babosas-marinas-decapitacion.html,True,
60,popsci,twitter,https://www.popsci.com/how-to-pet-a-cat/?taid=60833c5cf3a3bf0001b59fbf&utm_campaign=trueanthem_manual&utm_medium=social&utm_source=twitter,2019-07-22T15:13:44+00:00,2021-04-26T10:42:38+00:00,Animals,"Animals, cats, cute, humans, pets",Lauren Robin Finka The Conversation,You’re probably petting your cat wrong,https://www.popsci.com/how-to-pet-a-cat/,True,
61,popsci,twitter,https://www.popsci.com/story/science/popsci-spring-2021-digital-issue/?taid=6088f9ef4c02f00001e00966&utm_campaign=trueanthem_trending-content&utm_medium=social&utm_source=twitter,2021-04-27T12:23:05+00:00,2021-04-27T12:53:11+00:00,Science,"calm, popular science magazine, Science, spring 2021, subscription apps",Corinne Iozzio,PopSci's spring issue is available now—and it's all digital,https://www.popsci.com/story/science/popsci-spring-2021-digital-issue/,True,
62,popsci,twitter,https://www.popsci.com/story/environment/how-pandemic-impacted-animals/?taid=6040e7e6f52f320001733a64&utm_campaign=trueanthem_trending-content&utm_medium=social&utm_source=twitter,2021-03-04T11:00:00+00:00,2021-04-26T06:25:44+00:00,Environment,"COVID-19, ecotourism, humans, pandemic, tourism",Ula Chrobak,How the pandemic has helped and hurt animals around the world,https://www.popsci.com/story/environment/how-pandemic-impacted-animals/,True,
63,popsci,twitter,https://www.popsci.com/story/technology/rolls-royce-ghost-sedan-stars/?taid=608c7de91aea71000197b98a&utm_campaign=trueanthem_trending-content&utm_medium=social&utm_source=twitter,2021-04-30T14:18:08+00:00,2021-04-30T14:40:17+00:00,Technology,"auto, Cars, transportation, vehicles",Dan Carney,The ceiling of the Rolls-Royce Ghost is filled with stars,https://www.popsci.com/story/technology/rolls-royce-ghost-sedan-stars/,True,
64,popsci,twitter,https://www.popsci.com/story/science/hamster-ball-robot-explore-moon-caves/?taid=606a44fac8c94b0001856e03&utm_campaign=trueanthem_trending-content&utm_medium=social&utm_source=twitter,2021-04-02T17:00:00+00:00,2021-04-02T19:52:39+00:00,Space,"ESA, Science",Leto Sapunar,Real-life BB-8 ‘hamster ball’ robot may one day map moon caves,https://www.popsci.com/story/science/hamster-ball-robot-explore-moon-caves/,True,
65,popsci,twitter,https://www.popsci.com/artificial-horseshoe-crab-blood/?taid=605596720637bb00011b0875&utm_campaign=trueanthem_trending-content&utm_medium=social&utm_source=twitter,2019-05-14T17:38:34+00:00,2021-04-26T10:42:00+00:00,Animals,"Animals, biology, blood, crabs, make it last",Rachel Nuwer,"Horseshoe crab blood is rare but crucial for medicine, so this scientist came up with a solution",https://www.popsci.com/artificial-horseshoe-crab-blood/,True,
66,popsci,twitter,https://www.popsci.com/story/science/weirdest-thing-brain-wash-sleep-cuttlefish-marshmallow-meteorite-amnh/?taid=60526dddca415e000128c093&utm_campaign=trueanthem_trending-content&utm_medium=social&utm_source=twitter,2021-03-17T10:00:00+00:00,2021-04-26T06:15:40+00:00,Science,"Brain Science, cephalopods, cuttlefish, history, intelligence",Popsci Staff,You get brainwashed whenever you go to sleep (and that’s a good thing),https://www.popsci.com/story/science/weirdest-thing-brain-wash-sleep-cuttlefish-marshmallow-meteorite-amnh/,True,
67,popsci,twitter,https://www.popsci.com/story/health/how-long-wear-masks-covid/?taid=604c6305eaf59800011ce971&utm_campaign=trueanthem_trending-content&utm_medium=social&utm_source=twitter,2021-03-12T11:00:00+00:00,2021-04-26T06:18:36+00:00,Science,"coronavirus, COVID-19, epidemiology, first 100 days, Health",Eleanor Cummins,How long will we keep wearing masks?,https://www.popsci.com/story/health/how-long-wear-masks-covid/,True,
68,popsci,twitter,https://www.popsci.com/build-custom-computer-desk/?taid=608109de3f50910001b1e6c3&utm_campaign=trueanthem_trending-content&utm_medium=social&utm_source=twitter,2019-01-07T21:28:36+00:00,2021-04-26T06:41:31+00:00,DIY,"build it yourself, desk, DIY, evergreen, tech",Whitson Gordon,Save major money by building a custom computer desk—with storage and biometrics,https://www.popsci.com/build-custom-computer-desk/,True,
69,popsci,twitter,https://www.popsci.com/story/diy/whois-lookup-explained/?taid=6053954aa8e0d30001b4be6c&utm_campaign=trueanthem_trending-content&utm_medium=social&utm_source=twitter,2021-03-18T16:45:15+00:00,2021-04-26T06:14:38+00:00,DIY,"browsers, DIY, Internet, research, tech",John Kennedy,This free tool can reveal who is behind any internet domain,https://www.popsci.com/story/diy/whois-lookup-explained/,True,
70,wired,rss,https://www.wired.com/story/how-far-away-from-perseverance-did-descent-stage-land,2021-03-03T09:00:00,NaT,Science,"science,physics and math,video analysis,acceleration,python,dot physics,estimation,web",Rhett Allain,How Far Away From Perseverance Did the Descent Stage Land?,https://www.wired.com/story/how-far-away-from-perseverance-did-descent-stage-land/,True,
71,wired,rss,https://www.wired.com/story/were-vaccinated-everyone-wants-to-visit-now-what,2021-03-05T07:00:00,NaT,Science,"science,health,covid-19,coronavirus,vaccines,epidemiology,public health,web",Adam Rogers,You're Vaccinated and People Want to Visit. Now What?,https://www.wired.com/story/were-vaccinated-everyone-wants-to-visit-now-what/,True,
72,wired,rss,https://www.wired.com/story/weird-science-of-loneliness-brains,2021-03-30T09:00:00,NaT,Science,"science,psychology and neuroscience,health,wired uk,neuroscience,mental health,brains and behavior,diseases,external_partner","Matt Reynolds, WIRED UK",The Weird Science of Loneliness and Our Brains,https://www.wired.co.uk/article/lockdown-loneliness-neuroscience,True,
73,wired,rss,https://www.wired.com/story/reforestation-is-great-but-were-running-out-of-seeds,2021-04-06T08:00:00,NaT,Science,"science,environment,trees,climate change,ecology,conservation,wildfires,web",Jesse Klein,Reforestation Is Great! But We're Running Out of Seeds,https://www.wired.com/story/reforestation-is-great-but-were-running-out-of-seeds/,True,
74,wired,rss,https://www.wired.com/story/archaeologists-discover-lamborghini-chariots-near-pompeii,2021-03-06T09:00:00,NaT,Science,"science,environment,ars technica,archeology,lamborghini,external_partner","Jennifer Ouellette, Ars Technica",The ‘Lamborghini’ of Chariots Was Just Unearthed Near Pompeii,https://arstechnica.com/science/2021/03/archaeologists-discover-lamborghini-of-chariots-near-ruins-of-pompeii/,True,
75,wired,rss,https://www.wired.com/story/its-finally-time-to-take-out-the-space-trash,2021-03-29T07:00:00,NaT,Science,"science,space,satellites,spacecraft,rockets,trash,pollution,web",Eric Niiler,It’s Finally Time to Take Out the Space Trash,https://www.wired.com/story/its-finally-time-to-take-out-the-space-trash/,True,
76,wired,rss,https://www.wired.com/story/melting-mountain-glaciers-may-not-survive-the-century,2021-04-28T11:00:00,NaT,Science,"science,environment,climate,climate change,earth science,water,oceans,planet earth,web",Eric Niiler,Melting Mountain Glaciers May Not Survive the Century,https://www.wired.com/story/melting-mountain-glaciers-may-not-survive-the-century/,True,
77,wired,rss,https://www.wired.com/story/anthony-fauci-pleads-dont-declare-victory,2021-03-03T07:00:00,NaT,Science,"science,health,coronavirus,covid-19,web",Steven Levy,Anthony Fauci Pleads: Don’t Declare Victory,https://www.wired.com/story/anthony-fauci-pleads-dont-declare-victory/,True,
78,wired,rss,https://www.wired.com/story/boston-dynamics-new-robot-has-a-warehouse-job,2021-03-29T06:00:00,NaT,Science,"science,robots,robotics,web",Matt Simon,Boston Dynamics’ New Robot Doesn’t Dance. It Has a Warehouse Job,https://www.wired.com/story/boston-dynamics-new-robot-has-a-warehouse-job/,True,
79,wired,rss,https://www.wired.com/story/satellites-can-help-detect-when-volcanos-about-to-blow,2021-03-18T09:00:00,NaT,Science,"science,space,ars technica,satellites,volcanoes,external_partner","Scott K. Johnson, Ars Technica",Satellites Can Help Detect When a Volcano's About to Blow,https://arstechnica.com/science/2021/03/satellites-detect-volcanoes-heating-up-before-they-blow/,True,
